,first_touch,last_touch,time_decay,markov,shapley,shao
(Other),0.0,0.0,,0.0,0.0,
Affiliates,0.0,0.0,,0.0,0.0,
Direct,0.51085,0.665461,0.60217,0.579698,0.544822,0.607559
Display,0.003617,0.003617,0.004521,0.004347,0.006195,0.003448
Organic Search,0.207957,0.138336,0.165763,0.209225,0.184215,0.036668
Paid Search,0.028933,0.022604,0.024864,0.024245,0.026763,0.016022
Referral,0.228752,0.152803,0.183996,0.163929,0.218768,0.330202
Social,0.019892,0.017179,0.018686,0.018556,0.019236,0.006101
